Wall time,Step,Value
1715399181.5800989,348,84.75
1715399181.915032,684,84.25
1715399182.2260592,1020,84.16666412353516
1715399182.530504,1356,84.125
1715399182.841881,1692,84.0999984741211
1715399183.1357627,2028,84.08333587646484
1715399183.4439683,2364,84.07142639160156
1715399183.7597854,2700,84.0625
1715399184.082967,3036,84.05555725097656
1715399184.3980193,3372,84.05000305175781
1715399184.7231688,3708,84.04545593261719
1715399185.0566907,4044,84.04166412353516
1715399185.3821967,4380,82.55769348144531
